country_id,year,production,country_name
1,1990,3000000,Angola
1,1991,4740000,Angola
1,1992,4680000,Angola
1,1993,1980000,Angola
1,1994,4620000,Angola
1,1995,3720000,Angola
1,1996,4260000,Angola
1,1997,3840000,Angola
1,1998,5100000,Angola
1,1999,3300000,Angola
1,2000,3000000,Angola
1,2001,1260000,Angola
1,2002,3420000,Angola
1,2003,2280000,Angola
1,2004,900000,Angola
1,2005,1500000,Angola
1,2006,2100000,Angola
1,2007,2160000,Angola
1,2008,2280000,Angola
1,2009,780000,Angola
1,2010,2100000,Angola
1,2011,1740000,Angola
1,2012,1980000,Angola
1,2013,2100000,Angola
1,2014,2340000,Angola
1,2015,2460000,Angola
1,2016,2700000,Angola
1,2017,2100000,Angola
1,2018,2520000,Angola
1,2019,3120000,Angola
5,1990,7380000,Bolivia (Plurinational State of)
5,1991,6240000,Bolivia (Plurinational State of)
5,1992,7200000,Bolivia (Plurinational State of)
5,1993,3060000,Bolivia (Plurinational State of)
5,1994,7020000,Bolivia (Plurinational State of)
5,1995,8520000,Bolivia (Plurinational State of)
5,1996,7500000,Bolivia (Plurinational State of)
5,1997,8460000,Bolivia (Plurinational State of)
5,1998,8280000,Bolivia (Plurinational State of)
5,1999,9480000,Bolivia (Plurinational State of)
5,2000,8880000,Bolivia (Plurinational State of)
5,2001,5640000,Bolivia (Plurinational State of)
5,2002,7620000,Bolivia (Plurinational State of)
5,2003,6180000,Bolivia (Plurinational State of)
5,2004,9300000,Bolivia (Plurinational State of)
5,2005,6600000,Bolivia (Plurinational State of)
5,2006,8760000,Bolivia (Plurinational State of)
5,2007,6960000,Bolivia (Plurinational State of)
5,2008,7200000,Bolivia (Plurinational State of)
5,2009,7680000,Bolivia (Plurinational State of)
5,2010,7020000,Bolivia (Plurinational State of)
5,2011,7920000,Bolivia (Plurinational State of)
5,2012,6300000,Bolivia (Plurinational State of)
5,2013,7200000,Bolivia (Plurinational State of)
5,2014,6000000,Bolivia (Plurinational State of)
5,2015,5040000,Bolivia (Plurinational State of)
5,2016,4680000,Bolivia (Plurinational State of)
5,2017,5040000,Bolivia (Plurinational State of)
5,2018,4980000,Bolivia (Plurinational State of)
5,2019,4860000,Bolivia (Plurinational State of)
6,1990,1637160000,Brazil
6,1991,1637580000,Brazil
6,1992,2076180000,Brazil
6,1993,1690020000,Brazil
6,1994,1691520000,Brazil
6,1995,1083600000,Brazil
6,1996,1751820000,Brazil
6,1997,1568880000,Brazil
6,1998,2205660000,Brazil
6,1999,2854680000,Brazil
6,2000,1878600000,Brazil
6,2001,1881900000,Brazil
6,2002,2901120000,Brazil
6,2003,1732380000,Brazil
6,2004,2356860000,Brazil
6,2005,1975980000,Brazil
6,2006,2905920000,Brazil
6,2007,2334660000,Brazil
6,2008,3089460000,Brazil
6,2009,2638620000,Brazil
6,2010,3325680000,Brazil
6,2011,2915520000,Brazil
6,2012,3325080000,Brazil
6,2013,3281340000,Brazil
6,2014,3198300000,Brazil
6,2015,3172260000,Brazil
6,2016,3407280000,Brazil
6,2017,3164400000,Brazil
6,2018,3907860000,Brazil
6,2019,3492660000,Brazil
8,1990,29220000,Burundi
8,1991,40020000,Burundi
8,1992,37200000,Burundi
8,1993,23580000,Burundi
8,1994,39840000,Burundi
8,1995,26040000,Burundi
8,1996,24060000,Burundi
8,1997,15000000,Burundi
8,1998,29520000,Burundi
8,1999,21060000,Burundi
8,2000,29220000,Burundi
8,2001,8640000,Burundi
8,2002,27240000,Burundi
8,2003,20280000,Burundi
8,2004,26220000,Burundi
8,2005,6180000,Burundi
8,2006,29880000,Burundi
8,2007,7980000,Burundi
8,2008,24720000,Burundi
8,2009,6720000,Burundi
8,2010,21180000,Burundi
8,2011,12240000,Burundi
8,2012,24360000,Burundi
8,2013,9780000,Burundi
8,2014,14880000,Burundi
8,2015,16140000,Burundi
8,2016,11760000,Burundi
8,2017,12120000,Burundi
8,2018,12240000,Burundi
8,2019,16320000,Burundi
9,1990,100920000,Cameroon
9,1991,103560000,Cameroon
9,1992,15600000,Cameroon
9,1993,40980000,Cameroon
9,1994,24360000,Cameroon
9,1995,39600000,Cameroon
9,1996,85920000,Cameroon
9,1997,53340000,Cameroon
9,1998,66840000,Cameroon
9,1999,82200000,Cameroon
9,2000,66780000,Cameroon
9,2001,41160000,Cameroon
9,2002,48060000,Cameroon
9,2003,54000000,Cameroon
9,2004,43620000,Cameroon
9,2005,52200000,Cameroon
9,2006,49080000,Cameroon
9,2007,47700000,Cameroon
9,2008,43500000,Cameroon
9,2009,54120000,Cameroon
9,2010,31620000,Cameroon
9,2011,40140000,Cameroon
9,2012,22260000,Cameroon
9,2013,24240000,Cameroon
9,2014,28980000,Cameroon
9,2015,23460000,Cameroon
9,2016,17520000,Cameroon
9,2017,22200000,Cameroon
9,2018,18600000,Cameroon
9,2019,16080000,Cameroon
10,1990,10500000,Central African Republic
10,1991,7500000,Central African Republic
10,1992,8040000,Central African Republic
10,1993,9960000,Central African Republic
10,1994,15000000,Central African Republic
10,1995,6480000,Central African Republic
10,1996,12480000,Central African Republic
10,1997,6840000,Central African Republic
10,1998,12900000,Central African Republic
10,1999,14460000,Central African Republic
10,2000,6780000,Central African Republic
10,2001,4080000,Central African Republic
10,2002,5520000,Central African Republic
10,2003,2580000,Central African Republic
10,2004,1740000,Central African Republic
10,2005,1380000,Central African Republic
10,2006,6840000,Central African Republic
10,2007,2580000,Central African Republic
10,2008,3600000,Central African Republic
10,2009,6720000,Central African Republic
10,2010,4680000,Central African Republic
10,2011,5460000,Central African Republic
10,2012,1380000,Central African Republic
10,2013,5400000,Central African Republic
10,2014,3780000,Central African Republic
10,2015,6000000,Central African Republic
10,2016,2220000,Central African Republic
10,2017,3600000,Central African Republic
10,2018,2220000,Central African Republic
10,2019,3300000,Central African Republic
11,1990,863760000,Colombia
11,1991,1078800000,Colombia
11,1992,896820000,Colombia
11,1993,685320000,Colombia
11,1994,777840000,Colombia
11,1995,776280000,Colombia
11,1996,646740000,Colombia
11,1997,727320000,Colombia
11,1998,652080000,Colombia
11,1999,570720000,Colombia
11,2000,631140000,Colombia
11,2001,717000000,Colombia
11,2002,702720000,Colombia
11,2003,663180000,Colombia
11,2004,685740000,Colombia
11,2005,717120000,Colombia
11,2006,729840000,Colombia
11,2007,750900000,Colombia
11,2008,519840000,Colombia
11,2009,485880000,Colombia
11,2010,511380000,Colombia
11,2011,459180000,Colombia
11,2012,595620000,Colombia
11,2013,727440000,Colombia
11,2014,799980000,Colombia
11,2015,840540000,Colombia
11,2016,878040000,Colombia
11,2017,829440000,Colombia
11,2018,831960000,Colombia
11,2019,846000000,Colombia
12,1990,180000,Congo
12,1991,180000,Congo
12,1992,180000,Congo
12,1993,180000,Congo
12,1994,480000,Congo
12,1995,720000,Congo
12,1996,840000,Congo
12,1997,180000,Congo
12,1998,180000,Congo
12,1999,180000,Congo
12,2000,180000,Congo
12,2001,180000,Congo
12,2002,180000,Congo
12,2003,180000,Congo
12,2004,180000,Congo
12,2005,180000,Congo
12,2006,180000,Congo
12,2007,180000,Congo
12,2008,180000,Congo
12,2009,180000,Congo
12,2010,180000,Congo
12,2011,180000,Congo
12,2012,180000,Congo
12,2013,180000,Congo
12,2014,180000,Congo
12,2015,180000,Congo
12,2016,180000,Congo
12,2017,180000,Congo
12,2018,180000,Congo
12,2019,180000,Congo
13,1990,153720000,Costa Rica
13,1991,165600000,Costa Rica
13,1992,179880000,Costa Rica
13,1993,141540000,Costa Rica
13,1994,148920000,Costa Rica
13,1995,170640000,Costa Rica
13,1996,133320000,Costa Rica
13,1997,157020000,Costa Rica
13,1998,146700000,Costa Rica
13,1999,149100000,Costa Rica
13,2000,145140000,Costa Rica
13,2001,134820000,Costa Rica
13,2002,122580000,Costa Rica
13,2003,113160000,Costa Rica
13,2004,112560000,Costa Rica
13,2005,99180000,Costa Rica
13,2006,102360000,Costa Rica
13,2007,107820000,Costa Rica
13,2008,90000000,Costa Rica
13,2009,88620000,Costa Rica
13,2010,96840000,Costa Rica
13,2011,109860000,Costa Rica
13,2012,109380000,Costa Rica
13,2013,93120000,Costa Rica
13,2014,88500000,Costa Rica
13,2015,86400000,Costa Rica
13,2016,82320000,Costa Rica
13,2017,93660000,Costa Rica
13,2018,85620000,Costa Rica
13,2019,88320000,Costa Rica
15,1990,24840000,Cuba
15,1991,18120000,Cuba
15,1992,17040000,Cuba
15,1993,17100000,Cuba
15,1994,17040000,Cuba
15,1995,17100000,Cuba
15,1996,21960000,Cuba
15,1997,18000000,Cuba
15,1998,16800000,Cuba
15,1999,19680000,Cuba
15,2000,18720000,Cuba
15,2001,17100000,Cuba
15,2002,14340000,Cuba
15,2003,13440000,Cuba
15,2004,10800000,Cuba
15,2005,6000000,Cuba
15,2006,6300000,Cuba
15,2007,6600000,Cuba
15,2008,7980000,Cuba
15,2009,5520000,Cuba
15,2010,6480000,Cuba
15,2011,6000000,Cuba
15,2012,5280000,Cuba
15,2013,6420000,Cuba
15,2014,6060000,Cuba
15,2015,6000000,Cuba
15,2016,6180000,Cuba
15,2017,6780000,Cuba
15,2018,7680000,Cuba
15,2019,7800000,Cuba
18,1990,176400000,Côte d'Ivoire
18,1991,247740000,Côte d'Ivoire
18,1992,134760000,Côte d'Ivoire
18,1993,137580000,Côte d'Ivoire
18,1994,180360000,Côte d'Ivoire
18,1995,151920000,Côte d'Ivoire
18,1996,291540000,Côte d'Ivoire
18,1997,249840000,Côte d'Ivoire
18,1998,119520000,Côte d'Ivoire
18,1999,379200000,Côte d'Ivoire
18,2000,290760000,Côte d'Ivoire
18,2001,215760000,Côte d'Ivoire
18,2002,180600000,Côte d'Ivoire
18,2003,178860000,Côte d'Ivoire
18,2004,128160000,Côte d'Ivoire
18,2005,125940000,Côte d'Ivoire
18,2006,170880000,Côte d'Ivoire
18,2007,80280000,Côte d'Ivoire
18,2008,151560000,Côte d'Ivoire
18,2009,119340000,Côte d'Ivoire
18,2010,50220000,Côte d'Ivoire
18,2011,132960000,Côte d'Ivoire
18,2012,119640000,Côte d'Ivoire
18,2013,155880000,Côte d'Ivoire
18,2014,103680000,Côte d'Ivoire
18,2015,77340000,Côte d'Ivoire
18,2016,67020000,Côte d'Ivoire
18,2017,97440000,Côte d'Ivoire
18,2018,130500000,Côte d'Ivoire
18,2019,115740000,Côte d'Ivoire
19,1990,94800000,Democratic Republic of Congo
19,1991,73800000,Democratic Republic of Congo
19,1992,70800000,Democratic Republic of Congo
19,1993,58800000,Democratic Republic of Congo
19,1994,77880000,Democratic Republic of Congo
19,1995,65880000,Democratic Republic of Congo
19,1996,47700000,Democratic Republic of Congo
19,1997,48660000,Democratic Republic of Congo
19,1998,44280000,Democratic Republic of Congo
19,1999,28620000,Democratic Republic of Congo
19,2000,21780000,Democratic Republic of Congo
19,2001,25380000,Democratic Republic of Congo
19,2002,20280000,Democratic Republic of Congo
19,2003,27060000,Democratic Republic of Congo
19,2004,21600000,Democratic Republic of Congo
19,2005,20160000,Democratic Republic of Congo
19,2006,22680000,Democratic Republic of Congo
19,2007,24960000,Democratic Republic of Congo
19,2008,25320000,Democratic Republic of Congo
19,2009,20760000,Democratic Republic of Congo
19,2010,18300000,Democratic Republic of Congo
19,2011,21420000,Democratic Republic of Congo
19,2012,20040000,Democratic Republic of Congo
19,2013,20820000,Democratic Republic of Congo
19,2014,20100000,Democratic Republic of Congo
19,2015,22260000,Democratic Republic of Congo
19,2016,16740000,Democratic Republic of Congo
19,2017,22920000,Democratic Republic of Congo
19,2018,23820000,Democratic Republic of Congo
19,2019,23460000,Democratic Republic of Congo
21,1990,52800000,Dominican Republic
21,1991,19260000,Dominican Republic
21,1992,38280000,Dominican Republic
21,1993,36240000,Dominican Republic
21,1994,43800000,Dominican Republic
21,1995,53160000,Dominican Republic
21,1996,31140000,Dominican Republic
21,1997,56460000,Dominican Republic
21,1998,29220000,Dominican Republic
21,1999,36420000,Dominican Republic
21,2000,28020000,Dominican Republic
21,2001,23220000,Dominican Republic
21,2002,27300000,Dominican Republic
21,2003,21060000,Dominican Republic
21,2004,29460000,Dominican Republic
21,2005,18600000,Dominican Republic
21,2006,23220000,Dominican Republic
21,2007,27900000,Dominican Republic
21,2008,38700000,Dominican Republic
21,2009,21120000,Dominican Republic
21,2010,22680000,Dominican Republic
21,2011,29460000,Dominican Republic
21,2012,29280000,Dominican Republic
21,2013,25500000,Dominican Republic
21,2014,23820000,Dominican Republic
21,2015,24000000,Dominican Republic
21,2016,24720000,Dominican Republic
21,2017,24720000,Dominican Republic
21,2018,25860000,Dominican Republic
21,2019,24120000,Dominican Republic
22,1990,90240000,Ecuador
22,1991,127440000,Ecuador
22,1992,71100000,Ecuador
22,1993,124140000,Ecuador
22,1994,142560000,Ecuador
22,1995,113280000,Ecuador
22,1996,119580000,Ecuador
22,1997,71460000,Ecuador
22,1998,72360000,Ecuador
22,1999,71880000,Ecuador
22,2000,51240000,Ecuador
22,2001,47580000,Ecuador
22,2002,34920000,Ecuador
22,2003,38460000,Ecuador
22,2004,46800000,Ecuador
22,2005,56100000,Ecuador
22,2006,62100000,Ecuador
22,2007,57000000,Ecuador
22,2008,46260000,Ecuador
22,2009,48780000,Ecuador
22,2010,51240000,Ecuador
22,2011,49500000,Ecuador
22,2012,49680000,Ecuador
22,2013,39960000,Ecuador
22,2014,38640000,Ecuador
22,2015,38640000,Ecuador
22,2016,38700000,Ecuador
22,2017,37440000,Ecuador
22,2018,29760000,Ecuador
22,2019,33540000,Ecuador
23,1990,147900000,El Salvador
23,1991,131880000,El Salvador
23,1992,180060000,El Salvador
23,1993,142680000,El Salvador
23,1994,137580000,El Salvador
23,1995,155100000,El Salvador
23,1996,152040000,El Salvador
23,1997,130500000,El Salvador
23,1998,123300000,El Salvador
23,1999,155880000,El Salvador
23,2000,102240000,El Salvador
23,2001,101640000,El Salvador
23,2002,81660000,El Salvador
23,2003,82800000,El Salvador
23,2004,71820000,El Salvador
23,2005,79140000,El Salvador
23,2006,74040000,El Salvador
23,2007,90300000,El Salvador
23,2008,87000000,El Salvador
23,2009,64500000,El Salvador
23,2010,112380000,El Salvador
23,2011,69840000,El Salvador
23,2012,74400000,El Salvador
23,2013,30900000,El Salvador
23,2014,39900000,El Salvador
23,2015,33900000,El Salvador
23,2016,36600000,El Salvador
23,2017,45600000,El Salvador
23,2018,45660000,El Salvador
23,2019,39660000,El Salvador
24,1990,240000,Equatorial Guinea
24,1991,180000,Equatorial Guinea
24,1992,120000,Equatorial Guinea
24,1993,0,Equatorial Guinea
24,1994,180000,Equatorial Guinea
24,1995,120000,Equatorial Guinea
24,1996,60000,Equatorial Guinea
24,1997,120000,Equatorial Guinea
24,1998,60000,Equatorial Guinea
24,1999,0,Equatorial Guinea
24,2000,0,Equatorial Guinea
24,2001,0,Equatorial Guinea
24,2002,0,Equatorial Guinea
24,2003,0,Equatorial Guinea
24,2004,0,Equatorial Guinea
24,2005,0,Equatorial Guinea
24,2006,0,Equatorial Guinea
24,2007,0,Equatorial Guinea
24,2008,0,Equatorial Guinea
24,2009,0,Equatorial Guinea
24,2010,0,Equatorial Guinea
24,2011,0,Equatorial Guinea
24,2012,0,Equatorial Guinea
24,2013,0,Equatorial Guinea
24,2014,0,Equatorial Guinea
24,2015,0,Equatorial Guinea
24,2016,0,Equatorial Guinea
24,2017,0,Equatorial Guinea
24,2018,0,Equatorial Guinea
24,2019,0,Equatorial Guinea
26,1990,174540000,Ethiopia
26,1991,175500000,Ethiopia
26,1992,109500000,Ethiopia
26,1993,178020000,Ethiopia
26,1994,165780000,Ethiopia
26,1995,189900000,Ethiopia
26,1996,204420000,Ethiopia
26,1997,183420000,Ethiopia
26,1998,175680000,Ethiopia
26,1999,227040000,Ethiopia
26,2000,186900000,Ethiopia
26,2001,242640000,Ethiopia
26,2002,245640000,Ethiopia
26,2003,263640000,Ethiopia
26,2004,312780000,Ethiopia
26,2005,286740000,Ethiopia
26,2006,333060000,Ethiopia
26,2007,358020000,Ethiopia
26,2008,296940000,Ethiopia
26,2009,409800000,Ethiopia
26,2010,333600000,Ethiopia
26,2011,339000000,Ethiopia
26,2012,367920000,Ethiopia
26,2013,374520000,Ethiopia
26,2014,382980000,Ethiopia
26,2015,390900000,Ethiopia
26,2016,428580000,Ethiopia
26,2017,440820000,Ethiopia
26,2018,450660000,Ethiopia
26,2019,440580000,Ethiopia
29,1990,180000,Gabon
29,1991,120000,Gabon
29,1992,180000,Gabon
29,1993,180000,Gabon
29,1994,480000,Gabon
29,1995,120000,Gabon
29,1996,60000,Gabon
29,1997,180000,Gabon
29,1998,240000,Gabon
29,1999,120000,Gabon
29,2000,0,Gabon
29,2001,60000,Gabon
29,2002,60000,Gabon
29,2003,0,Gabon
29,2004,0,Gabon
29,2005,60000,Gabon
29,2006,60000,Gabon
29,2007,60000,Gabon
29,2008,120000,Gabon
29,2009,0,Gabon
29,2010,120000,Gabon
29,2011,60000,Gabon
29,2012,60000,Gabon
29,2013,0,Gabon
29,2014,60000,Gabon
29,2015,60000,Gabon
29,2016,0,Gabon
29,2017,0,Gabon
29,2018,60000,Gabon
29,2019,0,Gabon
31,1990,2280000,Ghana
31,1991,4560000,Ghana
31,1992,2220000,Ghana
31,1993,2700000,Ghana
31,1994,3420000,Ghana
31,1995,3420000,Ghana
31,1996,1920000,Ghana
31,1997,1620000,Ghana
31,1998,3240000,Ghana
31,1999,5340000,Ghana
31,2000,4560000,Ghana
31,2001,420000,Ghana
31,2002,2040000,Ghana
31,2003,1080000,Ghana
31,2004,1080000,Ghana
31,2005,720000,Ghana
31,2006,1200000,Ghana
31,2007,2100000,Ghana
31,2008,1560000,Ghana
31,2009,1140000,Ghana
31,2010,4140000,Ghana
31,2011,1800000,Ghana
31,2012,1260000,Ghana
31,2013,1500000,Ghana
31,2014,2100000,Ghana
31,2015,2160000,Ghana
31,2016,1560000,Ghana
31,2017,780000,Ghana
31,2018,900000,Ghana
31,2019,840000,Ghana
33,1990,196260000,Guatemala
33,1991,209820000,Guatemala
33,1992,259080000,Guatemala
33,1993,212160000,Guatemala
33,1994,227220000,Guatemala
33,1995,240120000,Guatemala
33,1996,271500000,Guatemala
33,1997,253140000,Guatemala
33,1998,293580000,Guatemala
33,1999,307200000,Guatemala
33,2000,296400000,Guatemala
33,2001,220140000,Guatemala
33,2002,244200000,Guatemala
33,2003,216600000,Guatemala
33,2004,222180000,Guatemala
33,2005,220560000,Guatemala
33,2006,237000000,Guatemala
33,2007,246000000,Guatemala
33,2008,227100000,Guatemala
33,2009,230100000,Guatemala
33,2010,237000000,Guatemala
33,2011,231000000,Guatemala
33,2012,225780000,Guatemala
33,2013,191340000,Guatemala
33,2014,198600000,Guatemala
33,2015,204600000,Guatemala
33,2016,221040000,Guatemala
33,2017,224040000,Guatemala
33,2018,240420000,Guatemala
33,2019,216360000,Guatemala
34,1990,2640000,Guinea
34,1991,5460000,Guinea
34,1992,4560000,Guinea
34,1993,3840000,Guinea
34,1994,11880000,Guinea
34,1995,6240000,Guinea
34,1996,8880000,Guinea
34,1997,10320000,Guinea
34,1998,25260000,Guinea
34,1999,21840000,Guinea
34,2000,24000000,Guinea
34,2001,14160000,Guinea
34,2002,19680000,Guinea
34,2003,21960000,Guinea
34,2004,18960000,Guinea
34,2005,31500000,Guinea
34,2006,28380000,Guinea
34,2007,19380000,Guinea
34,2008,30300000,Guinea
34,2009,29940000,Guinea
34,2010,23160000,Guinea
34,2011,23160000,Guinea
34,2012,14040000,Guinea
34,2013,6060000,Guinea
34,2014,9900000,Guinea
34,2015,17160000,Guinea
34,2016,16200000,Guinea
34,2017,13740000,Guinea
34,2018,9180000,Guinea
34,2019,10680000,Guinea
35,1990,0,Guyana
35,1991,0,Guyana
35,1992,0,Guyana
35,1993,0,Guyana
35,1994,0,Guyana
35,1995,0,Guyana
35,1996,0,Guyana
35,1997,0,Guyana
35,1998,360000,Guyana
35,1999,300000,Guyana
35,2000,180000,Guyana
35,2001,300000,Guyana
35,2002,300000,Guyana
35,2003,300000,Guyana
35,2004,360000,Guyana
35,2005,420000,Guyana
35,2006,480000,Guyana
35,2007,540000,Guyana
35,2008,600000,Guyana
35,2009,540000,Guyana
35,2010,540000,Guyana
35,2011,600000,Guyana
35,2012,600000,Guyana
35,2013,780000,Guyana
35,2014,540000,Guyana
35,2015,660000,Guyana
35,2016,600000,Guyana
35,2017,600000,Guyana
35,2018,600000,Guyana
35,2019,600000,Guyana
36,1990,23580000,Haiti
36,1991,27780000,Haiti
36,1992,30000000,Haiti
36,1993,27060000,Haiti
36,1994,27000000,Haiti
36,1995,30840000,Haiti
36,1996,25680000,Haiti
36,1997,25920000,Haiti
36,1998,26340000,Haiti
36,1999,23940000,Haiti
36,2000,25200000,Haiti
36,2001,24180000,Haiti
36,2002,22440000,Haiti
36,2003,22440000,Haiti
36,2004,21900000,Haiti
36,2005,21360000,Haiti
36,2006,21720000,Haiti
36,2007,21540000,Haiti
36,2008,21540000,Haiti
36,2009,21060000,Haiti
36,2010,21000000,Haiti
36,2011,20940000,Haiti
36,2012,21000000,Haiti
36,2013,20700000,Haiti
36,2014,20580000,Haiti
36,2015,20460000,Haiti
36,2016,20520000,Haiti
36,2017,20520000,Haiti
36,2018,20820000,Haiti
36,2019,20820000,Haiti
37,1990,94080000,Honduras
37,1991,139320000,Honduras
37,1992,115080000,Honduras
37,1993,109740000,Honduras
37,1994,130860000,Honduras
37,1995,114540000,Honduras
37,1996,120240000,Honduras
37,1997,153840000,Honduras
37,1998,131700000,Honduras
37,1999,179100000,Honduras
37,2000,160020000,Honduras
37,2001,182160000,Honduras
37,2002,149760000,Honduras
37,2003,178080000,Honduras
37,2004,154500000,Honduras
37,2005,192240000,Honduras
37,2006,207660000,Honduras
37,2007,218400000,Honduras
37,2008,207000000,Honduras
37,2009,216180000,Honduras
37,2010,259860000,Honduras
37,2011,352920000,Honduras
37,2012,281160000,Honduras
37,2013,274980000,Honduras
37,2014,316080000,Honduras
37,2015,347160000,Honduras
37,2016,447420000,Honduras
37,2017,453600000,Honduras
37,2018,429180000,Honduras
37,2019,355860000,Honduras
39,1990,169740000,India
39,1991,180000000,India
39,1992,169380000,India
39,1993,211980000,India
39,1994,180120000,India
39,1995,240720000,India
39,1996,205020000,India
39,1997,246540000,India
39,1998,265020000,India
39,1999,292020000,India
39,2000,301200000,India
39,2001,288600000,India
39,2002,275280000,India
39,2003,282480000,India
39,2004,275460000,India
39,2005,273960000,India
39,2006,270000000,India
39,2007,262020000,India
39,2008,244320000,India
39,2009,289620000,India
39,2010,336000000,India
39,2011,320040000,India
39,2012,324180000,India
39,2013,304500000,India
39,2014,327000000,India
39,2015,349800000,India
39,2016,369660000,India
39,2017,348780000,India
39,2018,319500000,India
39,2019,299280000,India
40,1990,446460000,Indonesia
40,1991,509580000,Indonesia
40,1992,334140000,Indonesia
40,1993,404580000,Indonesia
40,1994,322080000,Indonesia
40,1995,274380000,Indonesia
40,1996,493260000,Indonesia
40,1997,457260000,Indonesia
40,1998,437760000,Indonesia
40,1999,393420000,Indonesia
40,2000,419220000,Indonesia
40,2001,409980000,Indonesia
40,2002,403860000,Indonesia
40,2003,384240000,Indonesia
40,2004,452160000,Indonesia
40,2005,549540000,Indonesia
40,2006,448980000,Indonesia
40,2007,466620000,Indonesia
40,2008,576720000,Indonesia
40,2009,682800000,Indonesia
40,2010,547740000,Indonesia
40,2011,413340000,Indonesia
40,2012,784200000,Indonesia
40,2013,774060000,Indonesia
40,2014,656760000,Indonesia
40,2015,755100000,Indonesia
40,2016,692460000,Indonesia
40,2017,651120000,Indonesia
40,2018,577080000,Indonesia
40,2019,685980000,Indonesia
43,1990,1380000,Jamaica
43,1991,2340000,Jamaica
43,1992,1560000,Jamaica
43,1993,2040000,Jamaica
43,1994,2700000,Jamaica
43,1995,2580000,Jamaica
43,1996,3240000,Jamaica
43,1997,2820000,Jamaica
43,1998,1740000,Jamaica
43,1999,2280000,Jamaica
43,2000,2220000,Jamaica
43,2001,1860000,Jamaica
43,2002,2220000,Jamaica
43,2003,2220000,Jamaica
43,2004,1260000,Jamaica
43,2005,2040000,Jamaica
43,2006,2400000,Jamaica
43,2007,1200000,Jamaica
43,2008,1920000,Jamaica
43,2009,1500000,Jamaica
43,2010,1260000,Jamaica
43,2011,1440000,Jamaica
43,2012,1440000,Jamaica
43,2013,1200000,Jamaica
43,2014,1260000,Jamaica
43,2015,1200000,Jamaica
43,2016,1080000,Jamaica
43,2017,1140000,Jamaica
43,2018,1080000,Jamaica
43,2019,1380000,Jamaica
45,1990,89100000,Kenya
45,1991,90840000,Kenya
45,1992,78960000,Kenya
45,1993,79680000,Kenya
45,1994,99780000,Kenya
45,1995,99840000,Kenya
45,1996,74820000,Kenya
45,1997,52920000,Kenya
45,1998,70380000,Kenya
45,1999,90120000,Kenya
45,2000,60120000,Kenya
45,2001,59460000,Kenya
45,2002,56700000,Kenya
45,2003,40380000,Kenya
45,2004,44160000,Kenya
45,2005,39600000,Kenya
45,2006,49560000,Kenya
45,2007,39120000,Kenya
45,2008,32460000,Kenya
45,2009,37800000,Kenya
45,2010,38460000,Kenya
45,2011,45420000,Kenya
45,2012,52500000,Kenya
45,2013,50580000,Kenya
45,2014,46200000,Kenya
45,2015,47940000,Kenya
45,2016,47580000,Kenya
45,2017,47400000,Kenya
45,2018,55800000,Kenya
45,2019,50640000,Kenya
46,1990,0,Lao People's Democratic Republic
46,1991,0,Lao People's Democratic Republic
46,1992,0,Lao People's Democratic Republic
46,1993,0,Lao People's Democratic Republic
46,1994,0,Lao People's Democratic Republic
46,1995,0,Lao People's Democratic Republic
46,1996,0,Lao People's Democratic Republic
46,1997,0,Lao People's Democratic Republic
46,1998,10260000,Lao People's Democratic Republic
46,1999,14340000,Lao People's Democratic Republic
46,2000,12720000,Lao People's Democratic Republic
46,2001,15480000,Lao People's Democratic Republic
46,2002,24120000,Lao People's Democratic Republic
46,2003,21660000,Lao People's Democratic Republic
46,2004,22740000,Lao People's Democratic Republic
46,2005,16800000,Lao People's Democratic Republic
46,2006,23460000,Lao People's Democratic Republic
46,2007,23580000,Lao People's Democratic Republic
46,2008,24360000,Lao People's Democratic Republic
46,2009,26040000,Lao People's Democratic Republic
46,2010,32640000,Lao People's Democratic Republic
46,2011,30840000,Lao People's Democratic Republic
46,2012,32460000,Lao People's Democratic Republic
46,2013,32640000,Lao People's Democratic Republic
46,2014,33120000,Lao People's Democratic Republic
46,2015,32100000,Lao People's Democratic Republic
46,2016,30600000,Lao People's Democratic Republic
46,2017,31980000,Lao People's Democratic Republic
46,2018,38820000,Lao People's Democratic Republic
46,2019,37320000,Lao People's Democratic Republic
48,1990,180000,Liberia
48,1991,180000,Liberia
48,1992,180000,Liberia
48,1993,300000,Liberia
48,1994,300000,Liberia
48,1995,300000,Liberia
48,1996,300000,Liberia
48,1997,300000,Liberia
48,1998,1080000,Liberia
48,1999,720000,Liberia
48,2000,720000,Liberia
48,2001,720000,Liberia
48,2002,720000,Liberia
48,2003,300000,Liberia
48,2004,360000,Liberia
48,2005,300000,Liberia
48,2006,420000,Liberia
48,2007,420000,Liberia
48,2008,720000,Liberia
48,2009,780000,Liberia
48,2010,600000,Liberia
48,2011,600000,Liberia
48,2012,600000,Liberia
48,2013,360000,Liberia
48,2014,420000,Liberia
48,2015,600000,Liberia
48,2016,720000,Liberia
48,2017,960000,Liberia
48,2018,360000,Liberia
48,2019,360000,Liberia
51,1990,58920000,Madagascar
51,1991,55980000,Madagascar
51,1992,67320000,Madagascar
51,1993,26520000,Madagascar
51,1994,38460000,Madagascar
51,1995,47100000,Madagascar
51,1996,50940000,Madagascar
51,1997,37440000,Madagascar
51,1998,59520000,Madagascar
51,1999,25620000,Madagascar
51,2000,21720000,Madagascar
51,2001,8820000,Madagascar
51,2002,26700000,Madagascar
51,2003,26100000,Madagascar
51,2004,31320000,Madagascar
51,2005,35940000,Madagascar
51,2006,35220000,Madagascar
51,2007,36840000,Madagascar
51,2008,43680000,Madagascar
51,2009,27420000,Madagascar
51,2010,31800000,Madagascar
51,2011,35100000,Madagascar
51,2012,30000000,Madagascar
51,2013,35040000,Madagascar
51,2014,30060000,Madagascar
51,2015,24840000,Madagascar
51,2016,27180000,Madagascar
51,2017,24240000,Madagascar
51,2018,22740000,Madagascar
51,2019,22980000,Madagascar
52,1990,6300000,Malawi
52,1991,7440000,Malawi
52,1992,8220000,Malawi
52,1993,3720000,Malawi
52,1994,5040000,Malawi
52,1995,5460000,Malawi
52,1996,2940000,Malawi
52,1997,3660000,Malawi
52,1998,3840000,Malawi
52,1999,3540000,Malawi
52,2000,3780000,Malawi
52,2001,3600000,Malawi
52,2002,2520000,Malawi
52,2003,2880000,Malawi
52,2004,1260000,Malawi
52,2005,1440000,Malawi
52,2006,1020000,Malawi
52,2007,1140000,Malawi
52,2008,1260000,Malawi
52,2009,1020000,Malawi
52,2010,1020000,Malawi
52,2011,1560000,Malawi
52,2012,1380000,Malawi
52,2013,1680000,Malawi
52,2014,1500000,Malawi
52,2015,1260000,Malawi
52,2016,1200000,Malawi
52,2017,840000,Malawi
52,2018,780000,Malawi
52,2019,960000,Malawi
54,1990,280440000,Mexico
54,1991,283620000,Mexico
54,1992,204060000,Mexico
54,1993,301380000,Mexico
54,1994,249540000,Mexico
54,1995,318000000,Mexico
54,1996,306600000,Mexico
54,1997,288120000,Mexico
54,1998,288060000,Mexico
54,1999,373140000,Mexico
54,2000,288900000,Mexico
54,2001,266280000,Mexico
54,2002,261060000,Mexico
54,2003,252060000,Mexico
54,2004,232020000,Mexico
54,2005,253500000,Mexico
54,2006,252000000,Mexico
54,2007,249000000,Mexico
54,2008,279060000,Mexico
54,2009,246540000,Mexico
54,2010,240060000,Mexico
54,2011,273660000,Mexico
54,2012,259620000,Mexico
54,2013,234960000,Mexico
54,2014,218160000,Mexico
54,2015,166320000,Mexico
54,2016,218100000,Mexico
54,2017,269100000,Mexico
54,2018,261060000,Mexico
54,2019,239100000,Mexico
55,1990,0,Nepal
55,1991,0,Nepal
55,1992,0,Nepal
55,1993,0,Nepal
55,1994,0,Nepal
55,1995,0,Nepal
55,1996,0,Nepal
55,1997,0,Nepal
55,1998,0,Nepal
55,1999,0,Nepal
55,2000,0,Nepal
55,2001,0,Nepal
55,2002,0,Nepal
55,2003,60000,Nepal
55,2004,60000,Nepal
55,2005,60000,Nepal
55,2006,120000,Nepal
55,2007,60000,Nepal
55,2008,60000,Nepal
55,2009,60000,Nepal
55,2010,180000,Nepal
55,2011,120000,Nepal
55,2012,60000,Nepal
55,2013,60000,Nepal
55,2014,120000,Nepal
55,2015,120000,Nepal
55,2016,60000,Nepal
55,2017,120000,Nepal
55,2018,60000,Nepal
55,2019,60000,Nepal
57,1990,27660000,Nicaragua
57,1991,42420000,Nicaragua
57,1992,32820000,Nicaragua
57,1993,42360000,Nicaragua
57,1994,40980000,Nicaragua
57,1995,59100000,Nicaragua
57,1996,47580000,Nicaragua
57,1997,65040000,Nicaragua
57,1998,64380000,Nicaragua
57,1999,93240000,Nicaragua
57,2000,94320000,Nicaragua
57,2001,64740000,Nicaragua
57,2002,70200000,Nicaragua
57,2003,90540000,Nicaragua
57,2004,64080000,Nicaragua
57,2005,85920000,Nicaragua
57,2006,85680000,Nicaragua
57,2007,114360000,Nicaragua
57,2008,86700000,Nicaragua
57,2009,112260000,Nicaragua
57,2010,98280000,Nicaragua
57,2011,131580000,Nicaragua
57,2012,112380000,Nicaragua
57,2013,123600000,Nicaragua
57,2014,113880000,Nicaragua
57,2015,127800000,Nicaragua
57,2016,153300000,Nicaragua
57,2017,158520000,Nicaragua
57,2018,172740000,Nicaragua
57,2019,172920000,Nicaragua
58,1990,1740000,Nigeria
58,1991,2640000,Nigeria
58,1992,2940000,Nigeria
58,1993,2700000,Nigeria
58,1994,3120000,Nigeria
58,1995,3180000,Nigeria
58,1996,2760000,Nigeria
58,1997,2700000,Nigeria
58,1998,3180000,Nigeria
58,1999,2700000,Nigeria
58,2000,2940000,Nigeria
58,2001,2640000,Nigeria
58,2002,3000000,Nigeria
58,2003,2760000,Nigeria
58,2004,2700000,Nigeria
58,2005,4140000,Nigeria
58,2006,3060000,Nigeria
58,2007,2520000,Nigeria
58,2008,3000000,Nigeria
58,2009,2040000,Nigeria
58,2010,2520000,Nigeria
58,2011,2820000,Nigeria
58,2012,2460000,Nigeria
58,2013,2460000,Nigeria
58,2014,2580000,Nigeria
58,2015,2460000,Nigeria
58,2016,2580000,Nigeria
58,2017,2520000,Nigeria
58,2018,2520000,Nigeria
58,2019,2520000,Nigeria
60,1990,12900000,Panama
60,1991,11580000,Panama
60,1992,11820000,Panama
60,1993,8520000,Panama
60,1994,14880000,Panama
60,1995,12540000,Panama
60,1996,12660000,Panama
60,1997,13020000,Panama
60,1998,11520000,Panama
60,1999,9960000,Panama
60,2000,10200000,Panama
60,2001,9600000,Panama
60,2002,8400000,Panama
60,2003,10320000,Panama
60,2004,5400000,Panama
60,2005,10560000,Panama
60,2006,10380000,Panama
60,2007,10560000,Panama
60,2008,8940000,Panama
60,2009,8280000,Panama
60,2010,6840000,Panama
60,2011,6360000,Panama
60,2012,6960000,Panama
60,2013,6780000,Panama
60,2014,6360000,Panama
60,2015,7620000,Panama
60,2016,7200000,Panama
60,2017,6300000,Panama
60,2018,7680000,Panama
60,2019,6840000,Panama
61,1990,57780000,Papua New Guinea
61,1991,44820000,Papua New Guinea
61,1992,54000000,Papua New Guinea
61,1993,61140000,Papua New Guinea
61,1994,68340000,Papua New Guinea
61,1995,60120000,Papua New Guinea
61,1996,65340000,Papua New Guinea
61,1997,64440000,Papua New Guinea
61,1998,81120000,Papua New Guinea
61,1999,83220000,Papua New Guinea
61,2000,62460000,Papua New Guinea
61,2001,63780000,Papua New Guinea
61,2002,65100000,Papua New Guinea
61,2003,69300000,Papua New Guinea
61,2004,59880000,Papua New Guinea
61,2005,76080000,Papua New Guinea
61,2006,48420000,Papua New Guinea
61,2007,58080000,Papua New Guinea
61,2008,61680000,Papua New Guinea
61,2009,62280000,Papua New Guinea
61,2010,52020000,Papua New Guinea
61,2011,84840000,Papua New Guinea
61,2012,42960000,Papua New Guinea
61,2013,50100000,Papua New Guinea
61,2014,47880000,Papua New Guinea
61,2015,42720000,Papua New Guinea
61,2016,70260000,Papua New Guinea
61,2017,44040000,Papua New Guinea
61,2018,55800000,Papua New Guinea
61,2019,45120000,Papua New Guinea
62,1990,7860000,Paraguay
62,1991,4800000,Paraguay
62,1992,3240000,Paraguay
62,1993,4020000,Paraguay
62,1994,1500000,Paraguay
62,1995,1560000,Paraguay
62,1996,1860000,Paraguay
62,1997,2940000,Paraguay
62,1998,1920000,Paraguay
62,1999,1140000,Paraguay
62,2000,1320000,Paraguay
62,2001,1320000,Paraguay
62,2002,2160000,Paraguay
62,2003,2820000,Paraguay
62,2004,2280000,Paraguay
62,2005,2640000,Paraguay
62,2006,2100000,Paraguay
62,2007,2340000,Paraguay
62,2008,1200000,Paraguay
62,2009,1200000,Paraguay
62,2010,1200000,Paraguay
62,2011,1200000,Paraguay
62,2012,1200000,Paraguay
62,2013,1200000,Paraguay
62,2014,1200000,Paraguay
62,2015,1200000,Paraguay
62,2016,1200000,Paraguay
62,2017,1200000,Paraguay
62,2018,1200000,Paraguay
62,2019,1200000,Paraguay
63,1990,56220000,Peru
63,1991,72000000,Peru
63,1992,105720000,Peru
63,1993,39900000,Peru
63,1994,70740000,Peru
63,1995,112260000,Peru
63,1996,108360000,Peru
63,1997,115800000,Peru
63,1998,126120000,Peru
63,1999,164640000,Peru
63,2000,160560000,Peru
63,2001,169740000,Peru
63,2002,180000000,Peru
63,2003,161160000,Peru
63,2004,205500000,Peru
63,2005,149340000,Peru
63,2006,259140000,Peru
63,2007,183780000,Peru
63,2008,232320000,Peru
63,2009,197160000,Peru
63,2010,244140000,Peru
63,2011,322380000,Peru
63,2012,267000000,Peru
63,2013,246360000,Peru
63,2014,172980000,Peru
63,2015,198240000,Peru
63,2016,253380000,Peru
63,2017,256740000,Peru
63,2018,255780000,Peru
63,2019,230160000,Peru
64,1990,58440000,Philippines
64,1991,61080000,Philippines
64,1992,55200000,Philippines
64,1993,52500000,Philippines
64,1994,52620000,Philippines
64,1995,51000000,Philippines
64,1996,53400000,Philippines
64,1997,56100000,Philippines
64,1998,40620000,Philippines
64,1999,37320000,Philippines
64,2000,20460000,Philippines
64,2001,15780000,Philippines
64,2002,15300000,Philippines
64,2003,17580000,Philippines
64,2004,21300000,Philippines
64,2005,25920000,Philippines
64,2006,26460000,Philippines
64,2007,26760000,Philippines
64,2008,35220000,Philippines
64,2009,43800000,Philippines
64,2010,11340000,Philippines
64,2011,10800000,Philippines
64,2012,10620000,Philippines
64,2013,11160000,Philippines
64,2014,11580000,Philippines
64,2015,12480000,Philippines
64,2016,12900000,Philippines
64,2017,12180000,Philippines
64,2018,12360000,Philippines
64,2019,18420000,Philippines
69,1990,32100000,Rwanda
69,1991,29040000,Rwanda
69,1992,38340000,Rwanda
69,1993,26640000,Rwanda
69,1994,1320000,Rwanda
69,1995,19740000,Rwanda
69,1996,17580000,Rwanda
69,1997,11580000,Rwanda
69,1998,13380000,Rwanda
69,1999,18420000,Rwanda
69,2000,16380000,Rwanda
69,2001,17760000,Rwanda
69,2002,19200000,Rwanda
69,2003,15960000,Rwanda
69,2004,27000000,Rwanda
69,2005,20220000,Rwanda
69,2006,21060000,Rwanda
69,2007,13440000,Rwanda
69,2008,22140000,Rwanda
69,2009,15540000,Rwanda
69,2010,19380000,Rwanda
69,2011,15060000,Rwanda
69,2012,15540000,Rwanda
69,2013,15480000,Rwanda
69,2014,14280000,Rwanda
69,2015,17580000,Rwanda
69,2016,13860000,Rwanda
69,2017,15840000,Rwanda
69,2018,22800000,Rwanda
69,2019,20880000,Rwanda
70,1990,2580000,Sierra Leone
70,1991,3240000,Sierra Leone
70,1992,2340000,Sierra Leone
70,1993,2220000,Sierra Leone
70,1994,4380000,Sierra Leone
70,1995,2640000,Sierra Leone
70,1996,2460000,Sierra Leone
70,1997,3000000,Sierra Leone
70,1998,1620000,Sierra Leone
70,1999,3540000,Sierra Leone
70,2000,2940000,Sierra Leone
70,2001,4740000,Sierra Leone
70,2002,2520000,Sierra Leone
70,2003,2160000,Sierra Leone
70,2004,900000,Sierra Leone
70,2005,3600000,Sierra Leone
70,2006,1860000,Sierra Leone
70,2007,2400000,Sierra Leone
70,2008,5160000,Sierra Leone
70,2009,5460000,Sierra Leone
70,2010,1980000,Sierra Leone
70,2011,4680000,Sierra Leone
70,2012,3660000,Sierra Leone
70,2013,1920000,Sierra Leone
70,2014,2760000,Sierra Leone
70,2015,2760000,Sierra Leone
70,2016,2280000,Sierra Leone
70,2017,2280000,Sierra Leone
70,2018,2700000,Sierra Leone
70,2019,2400000,Sierra Leone
74,1990,5760000,Sri Lanka
74,1991,4920000,Sri Lanka
74,1992,3180000,Sri Lanka
74,1993,3240000,Sri Lanka
74,1994,2520000,Sri Lanka
74,1995,2160000,Sri Lanka
74,1996,2220000,Sri Lanka
74,1997,3480000,Sri Lanka
74,1998,2760000,Sri Lanka
74,1999,1920000,Sri Lanka
74,2000,1980000,Sri Lanka
74,2001,1920000,Sri Lanka
74,2002,2040000,Sri Lanka
74,2003,2220000,Sri Lanka
74,2004,1920000,Sri Lanka
74,2005,2100000,Sri Lanka
74,2006,1980000,Sri Lanka
74,2007,1980000,Sri Lanka
74,2008,1860000,Sri Lanka
74,2009,1920000,Sri Lanka
74,2010,2220000,Sri Lanka
74,2011,2160000,Sri Lanka
74,2012,2100000,Sri Lanka
74,2013,2220000,Sri Lanka
74,2014,2160000,Sri Lanka
74,2015,2160000,Sri Lanka
74,2016,2220000,Sri Lanka
74,2017,2220000,Sri Lanka
74,2018,2160000,Sri Lanka
74,2019,2160000,Sri Lanka
77,1990,55920000,Tanzania
77,1991,47400000,Tanzania
77,1992,47160000,Tanzania
77,1993,44040000,Tanzania
77,1994,40740000,Tanzania
77,1995,53820000,Tanzania
77,1996,45840000,Tanzania
77,1997,37440000,Tanzania
77,1998,44340000,Tanzania
77,1999,50520000,Tanzania
77,2000,48540000,Tanzania
77,2001,37440000,Tanzania
77,2002,49440000,Tanzania
77,2003,36720000,Tanzania
77,2004,45780000,Tanzania
77,2005,48240000,Tanzania
77,2006,49320000,Tanzania
77,2007,48600000,Tanzania
77,2008,71160000,Tanzania
77,2009,40500000,Tanzania
77,2010,50760000,Tanzania
77,2011,38460000,Tanzania
77,2012,69060000,Tanzania
77,2013,48660000,Tanzania
77,2014,45180000,Tanzania
77,2015,55800000,Tanzania
77,2016,50760000,Tanzania
77,2017,46980000,Tanzania
77,2018,70500000,Tanzania
77,2019,55560000,Tanzania
78,1990,45420000,Thailand
78,1991,88140000,Thailand
78,1992,75300000,Thailand
78,1993,76500000,Thailand
78,1994,83940000,Thailand
78,1995,79020000,Thailand
78,1996,84240000,Thailand
78,1997,77580000,Thailand
78,1998,54960000,Thailand
78,1999,76380000,Thailand
78,2000,101520000,Thailand
78,2001,42840000,Thailand
78,2002,43920000,Thailand
78,2003,49620000,Thailand
78,2004,53040000,Thailand
78,2005,63840000,Thailand
78,2006,49320000,Thailand
78,2007,39000000,Thailand
78,2008,40500000,Thailand
78,2009,47700000,Thailand
78,2010,49680000,Thailand
78,2011,49860000,Thailand
78,2012,36480000,Thailand
78,2013,38280000,Thailand
78,2014,50700000,Thailand
78,2015,45720000,Thailand
78,2016,32280000,Thailand
78,2017,38280000,Thailand
78,2018,28920000,Thailand
78,2019,31020000,Thailand
79,1990,0,Timor-Leste
79,1991,0,Timor-Leste
79,1992,0,Timor-Leste
79,1993,0,Timor-Leste
79,1994,0,Timor-Leste
79,1995,0,Timor-Leste
79,1996,0,Timor-Leste
79,1997,0,Timor-Leste
79,1998,0,Timor-Leste
79,1999,0,Timor-Leste
79,2000,420000,Timor-Leste
79,2001,1980000,Timor-Leste
79,2002,2220000,Timor-Leste
79,2003,2520000,Timor-Leste
79,2004,1020000,Timor-Leste
79,2005,1440000,Timor-Leste
79,2006,2760000,Timor-Leste
79,2007,2160000,Timor-Leste
79,2008,2880000,Timor-Leste
79,2009,2820000,Timor-Leste
79,2010,3600000,Timor-Leste
79,2011,2820000,Timor-Leste
79,2012,3660000,Timor-Leste
79,2013,4800000,Timor-Leste
79,2014,6660000,Timor-Leste
79,2015,3540000,Timor-Leste
79,2016,4920000,Timor-Leste
79,2017,3900000,Timor-Leste
79,2018,8340000,Timor-Leste
79,2019,6180000,Timor-Leste
80,1990,9660000,Togo
80,1991,25980000,Togo
80,1992,5160000,Togo
80,1993,11700000,Togo
80,1994,10560000,Togo
80,1995,5040000,Togo
80,1996,17460000,Togo
80,1997,13260000,Togo
80,1998,19260000,Togo
80,1999,15780000,Togo
80,2000,11820000,Togo
80,2001,6720000,Togo
80,2002,4080000,Togo
80,2003,8640000,Togo
80,2004,9960000,Togo
80,2005,8400000,Togo
80,2006,8040000,Togo
80,2007,7500000,Togo
80,2008,8280000,Togo
80,2009,12120000,Togo
80,2010,9600000,Togo
80,2011,9600000,Togo
80,2012,5040000,Togo
80,2013,10320000,Togo
80,2014,8580000,Togo
80,2015,4860000,Togo
80,2016,1380000,Togo
80,2017,6900000,Togo
80,2018,3240000,Togo
80,2019,2460000,Togo
81,1990,900000,Trinidad & Tobago
81,1991,1080000,Trinidad & Tobago
81,1992,840000,Trinidad & Tobago
81,1993,960000,Trinidad & Tobago
81,1994,1080000,Trinidad & Tobago
81,1995,1080000,Trinidad & Tobago
81,1996,1080000,Trinidad & Tobago
81,1997,1140000,Trinidad & Tobago
81,1998,1020000,Trinidad & Tobago
81,1999,1020000,Trinidad & Tobago
81,2000,960000,Trinidad & Tobago
81,2001,960000,Trinidad & Tobago
81,2002,1020000,Trinidad & Tobago
81,2003,960000,Trinidad & Tobago
81,2004,900000,Trinidad & Tobago
81,2005,900000,Trinidad & Tobago
81,2006,720000,Trinidad & Tobago
81,2007,720000,Trinidad & Tobago
81,2008,660000,Trinidad & Tobago
81,2009,660000,Trinidad & Tobago
81,2010,600000,Trinidad & Tobago
81,2011,660000,Trinidad & Tobago
81,2012,720000,Trinidad & Tobago
81,2013,720000,Trinidad & Tobago
81,2014,720000,Trinidad & Tobago
81,2015,720000,Trinidad & Tobago
81,2016,720000,Trinidad & Tobago
81,2017,720000,Trinidad & Tobago
81,2018,780000,Trinidad & Tobago
81,2019,720000,Trinidad & Tobago
83,1990,117300000,Uganda
83,1991,125280000,Uganda
83,1992,131100000,Uganda
83,1993,188520000,Uganda
83,1994,143580000,Uganda
83,1995,194640000,Uganda
83,1996,205140000,Uganda
83,1997,206400000,Uganda
83,1998,203160000,Uganda
83,1999,171720000,Uganda
83,2000,204060000,Uganda
83,2001,189480000,Uganda
83,2002,173400000,Uganda
83,2003,155940000,Uganda
83,2004,156780000,Uganda
83,2005,130500000,Uganda
83,2006,173640000,Uganda
83,2007,209400000,Uganda
83,2008,200100000,Uganda
83,2009,173640000,Uganda
83,2010,196020000,Uganda
83,2011,186900000,Uganda
83,2012,234840000,Uganda
83,2013,217980000,Uganda
83,2014,224640000,Uganda
83,2015,219000000,Uganda
83,2016,297720000,Uganda
83,2017,275820000,Uganda
83,2018,282240000,Uganda
83,2019,330540000,Uganda
86,1990,67320000,Venezuela
86,1991,56460000,Venezuela
86,1992,72900000,Venezuela
86,1993,79980000,Venezuela
86,1994,59340000,Venezuela
86,1995,88020000,Venezuela
86,1996,72360000,Venezuela
86,1997,57060000,Venezuela
86,1998,95820000,Venezuela
86,1999,82020000,Venezuela
86,2000,87000000,Venezuela
86,2001,75900000,Venezuela
86,2002,89040000,Venezuela
86,2003,85260000,Venezuela
86,2004,79620000,Venezuela
86,2005,90360000,Venezuela
86,2006,94260000,Venezuela
86,2007,91200000,Venezuela
86,2008,55920000,Venezuela
86,2009,72840000,Venezuela
86,2010,72120000,Venezuela
86,2011,54120000,Venezuela
86,2012,57120000,Venezuela
86,2013,48240000,Venezuela
86,2014,39000000,Venezuela
86,2015,30000000,Venezuela
86,2016,31500000,Venezuela
86,2017,34320000,Venezuela
86,2018,34680000,Venezuela
86,2019,39000000,Venezuela
87,1990,78600000,Viet Nam
87,1991,86280000,Viet Nam
87,1992,140400000,Viet Nam
87,1993,181200000,Viet Nam
87,1994,217920000,Viet Nam
87,1995,238200000,Viet Nam
87,1996,345120000,Viet Nam
87,1997,418740000,Viet Nam
87,1998,423120000,Viet Nam
87,1999,697860000,Viet Nam
87,2000,890460000,Viet Nam
87,2001,785580000,Viet Nam
87,2002,694440000,Viet Nam
87,2003,920220000,Viet Nam
87,2004,862200000,Viet Nam
87,2005,830520000,Viet Nam
87,2006,1160400000,Viet Nam
87,2007,984300000,Viet Nam
87,2008,1106280000,Viet Nam
87,2009,1069500000,Viet Nam
87,2010,1200000000,Viet Nam
87,2011,1590000000,Viet Nam
87,2012,1404120000,Viet Nam
87,2013,1656600000,Viet Nam
87,2014,1634460000,Viet Nam
87,2015,1865400000,Viet Nam
87,2016,1669140000,Viet Nam
87,2017,2005920000,Viet Nam
87,2018,1816980000,Viet Nam
87,2019,1829220000,Viet Nam
88,1990,0,Yemen
88,1991,0,Yemen
88,1992,0,Yemen
88,1993,0,Yemen
88,1994,0,Yemen
88,1995,0,Yemen
88,1996,0,Yemen
88,1997,0,Yemen
88,1998,4140000,Yemen
88,1999,3660000,Yemen
88,2000,3840000,Yemen
88,2001,3720000,Yemen
88,2002,3420000,Yemen
88,2003,11580000,Yemen
88,2004,12360000,Yemen
88,2005,12180000,Yemen
88,2006,12420000,Yemen
88,2007,11880000,Yemen
88,2008,13200000,Yemen
88,2009,8100000,Yemen
88,2010,9660000,Yemen
88,2011,11100000,Yemen
88,2012,11280000,Yemen
88,2013,11220000,Yemen
88,2014,10680000,Yemen
88,2015,9360000,Yemen
88,2016,8580000,Yemen
88,2017,7920000,Yemen
88,2018,5160000,Yemen
88,2019,5460000,Yemen
89,1990,1380000,Zambia
89,1991,1740000,Zambia
89,1992,1740000,Zambia
89,1993,1620000,Zambia
89,1994,1260000,Zambia
89,1995,1560000,Zambia
89,1996,1980000,Zambia
89,1997,2280000,Zambia
89,1998,3720000,Zambia
89,1999,3540000,Zambia
89,2000,5580000,Zambia
89,2001,6000000,Zambia
89,2002,7140000,Zambia
89,2003,6000000,Zambia
89,2004,6600000,Zambia
89,2005,6180000,Zambia
89,2006,3360000,Zambia
89,2007,3660000,Zambia
89,2008,2100000,Zambia
89,2009,1680000,Zambia
89,2010,780000,Zambia
89,2011,660000,Zambia
89,2012,300000,Zambia
89,2013,660000,Zambia
89,2014,180000,Zambia
89,2015,240000,Zambia
89,2016,780000,Zambia
89,2017,1140000,Zambia
89,2018,2040000,Zambia
89,2019,900000,Zambia
90,1990,15120000,Zimbabwe
90,1991,12060000,Zimbabwe
90,1992,4680000,Zimbabwe
90,1993,720000,Zimbabwe
90,1994,6360000,Zimbabwe
90,1995,7860000,Zimbabwe
90,1996,10440000,Zimbabwe
90,1997,7800000,Zimbabwe
90,1998,8940000,Zimbabwe
90,1999,7500000,Zimbabwe
90,2000,6540000,Zimbabwe
90,2001,7260000,Zimbabwe
90,2002,6600000,Zimbabwe
90,2003,5520000,Zimbabwe
90,2004,7200000,Zimbabwe
90,2005,3960000,Zimbabwe
90,2006,2700000,Zimbabwe
90,2007,1860000,Zimbabwe
90,2008,1440000,Zimbabwe
90,2009,1260000,Zimbabwe
90,2010,600000,Zimbabwe
90,2011,540000,Zimbabwe
90,2012,420000,Zimbabwe
90,2013,540000,Zimbabwe
90,2014,900000,Zimbabwe
90,2015,840000,Zimbabwe
90,2016,900000,Zimbabwe
90,2017,420000,Zimbabwe
90,2018,600000,Zimbabwe
90,2019,540000,Zimbabwe
